Species,Species_modified_from_WAHIS_FAO,host_class,host_order,host_family,host_gen_sp
Accipitridae (unidentified),Accipitridae_(unidentified),Aves,Accipitriformes,Accipitridae,
African black oystercatcher,African_black_oystercatcher,Aves,Charadriiformes,Haematopodidae,
African fish eagle,African_fish_eagle,Aves,Accipitriformes,Accipitridae,
African rock pigeon,African_rock_pigeon,Aves,Columbiformes,Columbidae,
American Black Duck,American_Black_Duck,Aves,Anseriformes,Anatidae,
American crow,American_crow,Aves,Passeriformes,Corvidae,
American wigeon,American_wigeon,Aves,Anseriformes,Anatidae,
Anatidae (unidentified),Anatidae_(unidentified),Aves,Anseriformes,Anatidae,
Anserinae (unidentified),Anserinae_(unidentified),Aves,Anseriformes,Anserinae,
Arctic Jaeger,Arctic_Jaeger,Aves,Charadriiformes,Stercorariidae,
Arctic Tern,Arctic_Tern,Aves,Charadriiformes,Laridae,
Ardeidae (unidentified),Ardeidae_(unidentified)_heron,Aves,Pelecaniformes,Ardeidae,
Armenian Gull,Armenian_Gull,Aves,Charadriiformes,Laridae,
Asian Openbill,Asian_Openbill,Aves,Ciconiiformes,Ciconiidae,
Bald Eagle,Bald_Eagle,Aves,Accipitriformes,Accipitridae,
Bank cormorant,Bank_cormorant,Aves,Suliformes,Phalacrocoracidae,
Bar-headed Goose,Bar-headed_Goose,Aves,Anseriformes,Anatidae,
Barn Owl (Common Barn-Owl),Barn_Owl_(Common_Barn-Owl),Aves,Strigiformes,Strigidae,
Barnacle Goose,Barnacle_Goose,Aves,Anseriformes,Anatidae,
Bean Goose,Bean_Goose,Aves,Anseriformes,Anatidae,
Bewick's Swan,Bewick's_Swan,Aves,Anseriformes,Anatidae,
Birds,Birds,Aves,Undetermined,Undetermined,
Black Kite,Black_Kite,Aves,Accipitriformes,Accipitridae,
Black Swan,Black_Swan,Aves,Anseriformes,Anatidae,
Black-crowned Night-Heron,Black-crowned_Night-Heron,Aves,Pelecaniformes,Ardeidae,
Black-faced spoonbill,Black-faced_spoonbill,Aves,Pelecaniformes,Threskiornithidae,
Black-headed Gull,Black-headed_Gull,Aves,Charadriiformes,Laridae,
Black-headed Heron,Black-headed_Heron,Aves,Pelecaniformes,Ardeidae,
Black-necked Grebe,Black-necked_Grebe,Aves,Podicepiformes,Podicipedidae,
Black-tailed Gull,Black-tailed_Gull,Aves,Charadriiformes,Laridae,
Blue crane,Blue_crane,Aves,Gruiformes,Gruidae,
Blue jay,Blue_jay,Aves,Passeriformes,Corvidae,
Bonelli's Eagle,Bonelli's_Eagle,Aves,Accipitriformes,Accipitridae,
Brent Goose,Brent_Goose,Aves,Anseriformes,Anatidae,
Broad-winged Hawk,Broad-winged_Hawk,Aves,Accipitriformes,Accipitridae,
Brown Pelican,Brown_Pelican,Aves,Pelecaniformes,Pelecanidae,
Brown skua,Brown_skua,Aves,Charadriiformes,Stercorariidae,
Budgerigar,Budgerigar,Aves,Psittaciformes,Psittacidae,
Bufflehead,Bufflehead,Aves,Anseriformes,Anatidae,
Cackling Goose,Cackling_Goose,Aves,Anseriformes,Anatidae,
Canada Goose,Canada_Goose,Aves,Anseriformes,Anatidae,
Cape cormorant,Cape_cormorant,Aves,Suliformes,Phalacrocoracidae,
Cape gannet,Cape_gannet,Aves,Suliformes,Sulidae,
Carrion Crow,Carrion_Crow,Aves,Passeriformes,Corvidae,
Caspian Gull,Caspian_Gull,Aves,Charadriiformes,Laridae,
Charadriidae (unidentified),Charadriidae_(unidentified),Aves,Charadriiformes,Charadriidae,
Ciconiidae (unidentified),Ciconiidae_(unidentified),Aves,Ciconiiformes,Ciconiidae,
Columbidae (unidentified),Columbidae_(unidentified),Aves,Columbiformes,Columbidae,
Common Coot,Common_Coot,Aves,Gruiformes,Rallidae,
Common Crane,Common_Crane,Aves,Gruiformes,Gruidae,
Common Eider,Common_Eider,Aves,Anseriformes,Anatidae,
Common Goldeneye,Common_Goldeneye,Aves,Anseriformes,Anatidae,
Common Guineafowl,Common_Guineafowl,Aves,Galliformes,Numididae,
Common Kestrel,Common_Kestrel,Aves,Falconiformes,Falconidae,
Common magpie,Common_magpie,Aves,Passeriformes,Corvidae,
Common Merganser,Common_Merganser,Aves,Anseriformes,Anatidae,
Common Moorhen,Common_Moorhen,Aves,Gruiformes,Rallidae,
Common Murre,Common_Murre,Aves,Charadriiformes,Alcidae,
Common pheasant,Common_pheasant,Aves,Galliformes,Phasianidae,
Common Pochard,Common_Pochard,Aves,Anseriformes,Anatidae,
Common Raven,Common_Raven,Aves,Passeriformes,Corvidae,
Common Redshank,Common_Redshank,Aves,Charadriiformes,Scolopacidae,
Common Shelduck,Common_Shelduck,Aves,Anseriformes,Anatidae,
Common Starling,Common_Starling,Aves,Passeriformes,Sturnidae,
Common Teal,Common_Teal,Aves,Anseriformes,Anatidae,
Common Tern,Common_Tern,Aves,Charadriiformes,Laridae,
Common Wood-Pigeon,Common_Wood-Pigeon,Aves,Columbiformes,Columbidae,
Corvidae (unidentified),Corvidae_(unidentified),Aves,Passeriformes,Corvidae,
Coscoroba Swan,Coscoroba_Swan,Aves,Anseriformes,Anatidae,
Crested Goshawk,Crested_Goshawk,Aves,Accipitriformes,Accipitridae,
Crested Myna,Crested_Myna,Aves,Passeriformes,Sturnidae,
Crested serpent-eagle,Crested_serpent-eagle,Aves,Accipitriformes,Accipitridae,
Crowned cormorant,Crowned_cormorant,Aves,Suliformes,Phalacrocoracidae,
Cygnus (unidentified),Cygnus_(unidentified),Aves,Anseriformes,Anatidae,
Dalmatian pelican,Dalmatian_pelican,Aves,Pelecaniformes,Pelecanidae,
Demoiselle Crane,Demoiselle_Crane,Aves,Gruiformes,Gruidae,
Dromaiidae (unidentified),Dromaiidae_(unidentified)_emu,Aves,Casuariiformes,Dromaiidae,
Eastern Buzzard,Eastern_Buzzard,Aves,Accipitriformes,Accipitridae,
Eastern grass-owl,Eastern_grass-owl,Aves,Strigiformes,Strigidae,
Egyptian Goose,Egyptian_Goose,Aves,Anseriformes,Anatidae,
Eurasian Blackbird,Eurasian_Blackbird,Aves,Passeriformes,Turdidae,
Eurasian Bullfinch,Eurasian_Bullfinch,Aves,Passeriformes,Fringillidae,
Eurasian buzzard (common buzzard),Eurasian_buzzard_(common_buzzard),Aves,Accipitriformes,Accipitridae,
Eurasian Collared-Dove,Eurasian_Collared-Dove,Aves,Columbiformes,Columbidae,
Eurasian Curlew,Eurasian_Curlew,Aves,Charadriiformes,Scolopacidae,
Eurasian Eagle-Owl,Eurasian_Eagle-Owl,Aves,Strigiformes,Strigidae,
Eurasian Griffon,Eurasian_Griffon,Aves,Accipitriformes,Accipitridae,
Eurasian Hobby,Eurasian_Hobby,Aves,Falconiformes,Falconidae,
Eurasian Jackdaw,Eurasian_Jackdaw,Aves,Passeriformes,Corvidae,
Eurasian Jay,Eurasian_Jay,Aves,Passeriformes,Corvidae,
Eurasian Oystercatcher,Eurasian_Oystercatcher,Aves,Charadriiformes,Haematopodidae,
Eurasian Sparrowhawk,Eurasian_Sparrowhawk,Aves,Accipitriformes,Accipitridae,
Eurasian Spoonbill,Eurasian_Spoonbill,Aves,Pelecaniformes,Threskiornithidae,
Eurasian Wigeon,Eurasian_Wigeon,Aves,Anseriformes,Anatidae,
Eurasian Woodcock,Eurasian_Woodcock,Aves,Charadriiformes,Scolopacidae,
European Greenfinch,European_Greenfinch,Aves,Passeriformes,Fringillidae,
Falcated Duck,Falcated_Duck,Aves,Anseriformes,Anatidae,
Falconidae (unidentified),Falconidae_(unidentified),Aves,Falconiformes,Falconidae,
Ferruginous Pochard,Ferruginous_Pochard,Aves,Anseriformes,Anatidae,
Fieldfare,Fieldfare,Aves,Passeriformes,Turdidae,
Gadwall,Gadwall,Aves,Anseriformes,Anatidae,
Garganey,Garganey,Aves,Anseriformes,Anatidae,
Glossy Ibis,Glossy_Ibis,Aves,Pelecaniformes,Threskiornithidae,
Golden Eagle,Golden_Eagle,Aves,Accipitriformes,Accipitridae,
Gray Seal,Gray_Seal,Mammalia,Carnivora,Phocidae,
Great black-backed Gull,Great_black-backed_Gull,Aves,Charadriiformes,Laridae,
Great Black-headed Gull,Great_Black-headed_Gull,Aves,Charadriiformes,Laridae,
Great Blue Heron,Great_Blue_Heron,Aves,Pelecaniformes,Ardeidae,
Great Cormorant,Great_Cormorant,Aves,Suliformes,Phalacrocoracidae,
Great Crested Grebe,Great_Crested_Grebe,Aves,Podicepiformes,Podicipedidae,
Great Egret,Great_Egret,Aves,Pelecaniformes,Ardeidae,
Great Skua,Great_Skua,Aves,Charadriiformes,Stercorariidae,
Great White Pelican,Great_White_Pelican,Aves,Pelecaniformes,Pelecanidae,
Great-winged petrel,Great-winged_petrel,Aves,Procellariiformes,Procellariidae,
Greater Flamingo,Greater_Flamingo,Aves,Phoenicopteriformes,Phoenicopteridae,
Greater Scaup,Greater_Scaup,Aves,Anseriformes,Anatidae,
Greater White-fronted Goose,Greater_White-fronted_Goose,Aves,Anseriformes,Anatidae,
Green Sandpiper,Green_Sandpiper,Aves,Charadriiformes,Scolopacidae,
Green-winged Teal,Green-winged_Teal,Aves,Anseriformes,Anatidae,
Grey Heron,Grey_Heron,Aves,Pelecaniformes,Ardeidae,
Grey Parrot,Grey_Parrot,Aves,Psittaciformes,Psittacidae,
Grey-headed gull,Grey-headed_gull,Aves,Charadriiformes,Laridae,
Greylag Goose,Greylag_Goose,Aves,Anseriformes,Anatidae,
Gruidae (unidentified),Gruidae_(unidentified)_crane,Aves,Gruiformes,Gruidae,
Hadada Ibis,Hadada_Ibis,Aves,Pelecaniformes,Threskiornithidae,
Haematopodidae (unidentified),Haematopodidae_(unidentified)_oystercatcher,Aves,Charadriiformes,Haematopodidae,
Harbor Seal,Harbor_Seal,Mammalia,Carnivora,Phocidae,
Harris's hawk,Harris's_hawk,Aves,Accipitriformes,Accipitridae,
Hartlaub's gull,Hartlaub's_gull,Aves,Charadriiformes,Laridae,
Herring Gull,Herring_Gull,Aves,Charadriiformes,Laridae,
Hirundinidae (unidentified),Hirundinidae_(unidentified),Aves,Passeriformes,Hirundinidae,
Hooded crane,Hooded_crane,Aves,Gruiformes,Gruidae,
Hooded Crow,Hooded_Crow,Aves,Passeriformes,Corvidae,
Hooded Merganser,Hooded_Merganser,Aves,Anseriformes,Anatidae,
House Crow,House_Crow,Aves,Passeriformes,Corvidae,
House Sparrow,House_Sparrow,Aves,Passeriformes,Passeridae,
Imperial Eagle,Imperial_Eagle,Aves,Accipitriformes,Accipitridae,
Indian Peafowl,Indian_Peafowl,Aves,Galliformes,Phasianidae,
Indian Pond Heron,Indian_Pond_Heron,Aves,Pelecaniformes,Ardeidae,
Intermediate Egret,Intermediate_Egret,Aves,Pelecaniformes,Ardeidae,
Jackal Buzzard,Jackal_Buzzard,Aves,Accipitriformes,Accipitridae,
Jackass Penguin,Jackass_Penguin,Aves,Sphenisciformes,Spheniscidae,
Kelp Gull,Kelp_Gull,Aves,Charadriiformes,Laridae,
Laniidae (unidentified),Laniidae_(unidentified),Aves,Passeriformes,Laniidae,
Large-billed Crow,Large-billed_Crow,Aves,Passeriformes,Corvidae,
Laridae (unidentified),Laridae_(unidentified),Aves,Charadriiformes,Laridae,
Laughing Dove,Laughing_Dove,Aves,Columbiformes,Columbidae,
Lesser adjutant,Lesser_adjutant,Aves,Ciconiiformes,Ciconiidae,
Lesser Black-backed Gull,Lesser_Black-backed_Gull,Aves,Charadriiformes,Laridae,
Lesser Spotted Eagle,Lesser_Spotted_Eagle,Aves,Accipitriformes,Accipitridae,
Lesser white-fronted goose,Lesser_white-fronted_goose,Aves,Anseriformes,Anatidae,
Light-vented bulbul,Light-vented_bulbul,Aves,Passeriformes,Pycnonotidae,
Little Egret,Little_Egret,Aves,Pelecaniformes,Ardeidae,
Little Grebe,Little_Grebe,Aves,Podicepiformes,Podicipedidae,
Little Owl,Little_Owl,Aves,Strigiformes,Strigidae,
Long-eared Owl,Long-eared_Owl,Aves,Strigiformes,Strigidae,
Mallard,Mallard,Aves,Anseriformes,Anatidae,
Mandarin Duck,Mandarin_Duck,Aves,Anseriformes,Anatidae,
Marbled teal,Marbled_teal,Aves,Anseriformes,Anatidae,
Mediterranean Gull,Mediterranean_Gull,Aves,Charadriiformes,Laridae,
Merlin,Merlin,Aves,Falconiformes,Falconidae,
Mew Gull,Mew_Gull,Aves,Charadriiformes,Laridae,
Montagu's Harrier,Montagu's_Harrier,Aves,Accipitriformes,Accipitridae,
Mountain Hawk-eagle,Mountain_Hawk-eagle,Aves,Accipitriformes,Accipitridae,
Muscovy Duck,Muscovy_Duck,Aves,Anseriformes,Anatidae,
Mute Swan,Mute_Swan,Aves,Anseriformes,Anatidae,
Nene,Nene,Aves,Anseriformes,Anatidae,
Northern Gannet,Northern_Gannet,Aves,Suliformes,Sulidae,
Northern giant petrel,Northern_giant_petrel,Aves,Procellariiformes,Procellariidae,
Northern Goshawk,Northern_Goshawk,Aves,Accipitriformes,Accipitridae,
Northern Lapwing,Northern_Lapwing,Aves,Charadriiformes,Charadriidae,
Northern Pintail,Northern_Pintail,Aves,Anseriformes,Anatidae,
Northern Saw-whet Owl,Northern_Saw-whet_Owl,Aves,Strigiformes,Strigidae,
Northern Shoveler,Northern_Shoveler,Aves,Anseriformes,Anatidae,
Numididae (unidentified),Numididae_(unidentified)_guineafowl,Aves,Galliformes,Numididae,
Oriental Magpie-Robin,Oriental_Magpie-Robin,Aves,Passeriformes,Muscicapidae,
Oriental white ibis,Oriental_white_ibis,Aves,Pelecaniformes,Threskiornithidae,
Pale thrush,Pale_thrush,Aves,Passeriformes,Turdidae,
Passeridae (unidentified),Passeridae_(unidentified),Aves,Passeriformes,Passeridae,
Pelecanidae (unidentified),Pelecanidae_(unidentified),Aves,Pelecaniformes,Pelecanidae,
Peregrin falcon,Peregrine_falcon,Aves,Falconiformes,Falconidae,
Phalacrocoracidae (unidentified),Phalacrocoracidae_(unidentified),Aves,Suliformes,Phalacrocoracidae,
Phasianidae (unidentified),Phasianidae_(unidentified),Aves,Galliformes,Phasianidae,
Phoenicopteridae (unidentified),Phoenicopteridae_(unidentified),Aves,Phoenicopteriformes,Phoenicopteridae,
Pied crow,Pied_crow,Aves,Passeriformes,Corvidae,
Pink-backed Pelican,Pink-backed_Pelican,Aves,Pelecaniformes,Pelecanidae,
Pink-footed Goose,Pink-footed_Goose,Aves,Anseriformes,Anatidae,
Plumed Whistling-Duck,Plumed_Whistling-Duck,Aves,Anseriformes,Anatidae,
Podicipedidae (unidentified),Podicipedidae_(unidentified),Aves,Podicepiformes,Podicipedidae,
Pygmy cormorant,Pygmy_cormorant,Aves,Suliformes,Phalacrocoracidae,
Raccoon dog,Raccoon_dog,Mammalia,Carnivora,Canidae,
Rallidae (unidentified),Rallidae_(unidentified),Aves,Gruiformes,Rallidae,
Red Fox,Red_Fox,Mammalia,Carnivora,Canidae,
Red Jungle Fowl,Red_Jungle_Fowl,Aves,Galliformes,Phasianidae,
Red Kite,Red_Kite,Aves,Accipitriformes,Accipitridae,
Red Knot,Red_Knot,Aves,Charadriiformes,Scolopacidae,
Red-and-green Macaw,Red-and-green_Macaw,Aves,Psittaciformes,Psittacidae,
Red-breasted Merganser,Red-breasted_Merganser,Aves,Anseriformes,Anatidae,
Red-crested Pochard,Red-crested_Pochard,Aves,Anseriformes,Anatidae,
Red-crowned Crane,Red-crowned_Crane,Aves,Gruiformes,Gruidae,
Red-footed falcon,Red-footed_falcon,Aves,Falconiformes,Falconidae,
Red-headed trogon,Red-headed_trogon,Aves,Trogoniformes,Trogonidae,
Red-tailed Hawk,Red-tailed_Hawk,Aves,Accipitriformes,Accipitridae,
Red-whiskered Bulbul,Red-whiskered_Bulbul,Aves,Passeriformes,Pycnonotidae,
Redhead,Redhead,Aves,Anseriformes,Anatidae,
Redwing,Redwing,Aves,Passeriformes,Turdidae,
Rock Pigeon (Rock Dove),Rock_Pigeon_(Rock_Dove),Aves,Columbiformes,Columbidae,
Rook,Rook,Aves,Passeriformes,Corvidae,
Ross's Goose,Ross's_Goose,Aves,Anseriformes,Anatidae,
Rough-legged Hawk,Rough-legged_Hawk,Aves,Accipitriformes,Accipitridae,
Ruddy Shelduck,Ruddy_Shelduck,Aves,Anseriformes,Anatidae,
Ruddy Turnstone,Ruddy_Turnstone,Aves,Charadriiformes,Scolopacidae,
Ruffed grouse,Ruffed_grouse,Aves,Galliformes,Phasianidae,
Sacred Ibis,Sacred_Ibis,Aves,Pelecaniformes,Threskiornithidae,
Saker Falcon,Saker_Falcon,Aves,Falconiformes,Falconidae,
Sanderling,Sanderling,Aves,Charadriiformes,Scolopacidae,
Sandwich Tern,Sandwich_Tern,Aves,Charadriiformes,Laridae,
Scaly-breasted Munia,Scaly-breasted_Munia,Aves,Passeriformes,Estrildidae,
Scarlet Ibis,Scarlet_Ibis,Aves,Pelecaniformes,Threskiornithidae,
Scolopacidae (unidentified),Scolopacidae_(unidentified),Aves,Charadriiformes,Scolopacidae,
Secretary bird,Secretary_bird,Aves,Accipitriformes,Sagittariidae,
Semipalmated Sandpiper,Semipalmated_Sandpiper,Aves,Charadriiformes,Scolopacidae,
Short-eared Owl,Short-eared_Owl,Aves,Strigiformes,Strigidae,
Snow Goose,Snow_Goose,Aves,Anseriformes,Anatidae,
Snowy Owl,Snowy_Owl,Aves,Strigiformes,Strigidae,
Song Thrush,Song_Thrush,Aves,Passeriformes,Turdidae,
Southern Masked-Weaver,Southern_Masked-Weaver,Aves,Passeriformes,Ploceidae,
Spot-billed Duck,Spot-billed_Duck,Aves,Anseriformes,Anatidae,
Spot-billed pelican,Spot-billed_pelican,Aves,Pelecaniformes,Pelecanidae,
Spotted eagle-owl,Spotted_eagle-owl,Aves,Strigiformes,Strigidae,
Spotted Harrier,Spotted_Harrier,Aves,Accipitriformes,Accipitridae,
Spur-winged Goose,Spur-winged_Goose,Aves,Anseriformes,Anatidae,
Spur-winged Lapwing,Spur-winged_Lapwing,Aves,Charadriiformes,Charadriidae,
Steller's Sea Eagle,Steller's_Sea_Eagle,Aves,Accipitriformes,Accipitridae,
Steppe Eagle,Steppe_Eagle,Aves,Accipitriformes,Accipitridae,
Strigidae (unidentified),Strigidae_(unidentified),Aves,Strigiformes,Strigidae,
Striped Skunk,Striped_Skunk,Mammalia,Carnivora,Mephitidae,
Sulidae (unidentified),Sulidae_(unidentified),Aves,Suliformes,Sulidae,
Swift tern,Swift_tern,Aves,Charadriiformes,Laridae,
Tawny owl,Tawny_owl,Aves,Strigiformes,Strigidae,
Tufted Duck,Tufted_Duck,Aves,Anseriformes,Anatidae,
Tundra Swan,Tundra_Swan,Aves,Anseriformes,Anatidae,
Turkey Vulture,Turkey_Vulture,Aves,Accipitriformes,Cathartidae,
Ural Owl,Ural_Owl,Aves,Strigiformes,Strigidae,
Water Rail,Water_Rail,Aves,Gruiformes,Rallidae,
Wedge-tailed Eagle,Wedge-tailed_Eagle,Aves,Accipitriformes,Accipitridae,
Western Cattle Egret,Western_Cattle_Egret,Aves,Pelecaniformes,Ardeidae,
Western Grebe,Western_Grebe,Aves,Podicepiformes,Podicipedidae,
Western Marsh Harrier,Western_Marsh_Harrier,Aves,Accipitriformes,Accipitridae,
White Stork,White_Stork,Aves,Ciconiiformes,Ciconiidae,
White-breasted cormorant,White-breasted_cormorant,Aves,Suliformes,Phalacrocoracidae,
White-naped crane,White-naped_crane,Aves,Gruiformes,Gruidae,
White-rumped sandpiper,White-rumped_sandpiper,Aves,Charadriiformes,Scolopacidae,
White-tailed Eagle,White-tailed_Eagle,Aves,Accipitriformes,Accipitridae,
Whooper Swan,Whooper_Swan,Aves,Anseriformes,Anatidae,
Wild turkey,Wild_turkey,Aves,Galliformes,Phasianidae,
Wildlife (species unspecified),Wildlife_(species_unspecified),Undetermined,Undetermined,Undetermined,
Wood Duck,Wood_Duck,Aves,Anseriformes,Anatidae,
Yellow-billed Duck,Yellow-billed_Duck,Aves,Anseriformes,Anatidae,
Yellow-legged Gull,Yellow-legged_Gull,Aves,Charadriiformes,Laridae,
Accipiter gentilis,Northern_Goshawk,Aves,Accipitriformes,Accipitridae,Accipiter gentilis
Accipitridae,Accipitridae,Aves,Accipitriformes,Accipitridae,
African black Oystercatcher (Haematopus moquini),African_black_Oystercatcher,Aves,Charadriiformes,Haematopodidae,Haematopus moquini
African fish eagle (Haliaeetus vocifer),African_fish_eagle,Aves,Accipitriformes,Accipitridae,Haliaeetus vocifer
African masked weaver (Ploceus velatus),African_masked_weaver,Aves,Passeriformes,Ploceidae,Ploceus velatus
African penguin (Spheniscus demersus),African_penguin,Aves,Sphenisciformes,Spheniscidae,Spheniscus demersus
African sacred ibis (Threskiornis aethiopicus),African_sacred_ibis,Aves,Pelecaniformes,Threskiornithidae,Threskiornis aethiopicus
American Green-winged teal,Green-winged_teal,Aves,Anseriformes,Anatidae,
Amur Tiger,Amur_Tiger,Mammalia,Carnivora,Felidae,
Anatidae,Anatidae,Aves,Anseriformes,Anatidae,
Anserinae,Anserinae,Aves,Anseriformes,Anserinae,
Arctic skua (or parasitic jaeger),Arctic_skua,Aves,Charadriiformes,Stercorariidae,
Ardeidae,Ardeidae,Aves,Pelecaniformes,Ardeidae,
Arenaria interpres,Ruddy_turnstone,Aves,Charadriiformes,Scolopacidae,Arenaria interpres
Bald Eagle (Haliaeetus leucocephalus),Bald_Eagle,Aves,Accipitriformes,Accipitridae,Haliaeetus leucocephalus
Barn owl (Tyto alba),Barn_owl,Aves,Strigiformes,Tytonidae,Tyto alba
Barn Swallow,Barn_Swallow,Aves,Passeriformes,Hirundinidae,
Barnacle Goose:Branta leucopsis(Anatidae),Barnacle_Goose,Aves,Anseriformes,Anatidae,Branta leucopsis
Bean goose (Anser fabalis),Bean_goose,Aves,Anseriformes,Anatidae,Anser fabalis
Black headed gull (Chroicocephalus ridibundus),Black_headed_gull,Aves,Charadriiformes,Laridae,Chroicocephalus ridibundus
Black swan (Cygnus atratus),Black_swan,Aves,Anseriformes,Anatidae,Cygnus atratus
Black-cappedChickadee,Black-capped_Chickadee,Aves,Passeriformes,Paridae,
Black-faced spoonbill (Platalea minor),Black-faced_spoonbill,Aves,Pelecaniformes,Threskiornithidae,Platalea minor
Black-headed heron (Ardea melanocephala),Black-headed_heron,Aves,Pelecaniformes,Ardeidae,Ardea melanocephala
Black-winged Stilt,Black-winged_Stilt,Aves,Charadriiformes,Recurvirostridae,
Blue crane (Grus paradisea),Blue_crane,Aves,Gruiformes,Gruidae,Grus paradisea
Brent Goose:Branta bernicla(Anatidae),Brent_Goose,Aves,Anseriformes,Anatidae,Branta bernicla
Brown-headed gull,Brown-headed_gull,Aves,Charadriiformes,Laridae,
Buzzard,Buzzard,Aves,Accipitriformes,Accipitridae,
Canada Goose (Branta canadensis),Canada_Goose,Aves,Anseriformes,Anatidae,Branta canadensis
Canine,Canine,Mammalia,Carnivora,Canidae,
Cape cormorant (Phalacrocorax capensis),Cape_cormorant,Aves,Suliformes,Phalacrocoracidae,Phalacrocorax capensis
Cattle egret,Cattle_egret,Aves,Pelecaniformes,Ardeidae,
casmerodiu,great_egret_(Casmerodius_albus),Aves,Pelecaniformes,Ardeidae,
Cats,Cat,Mammalia,Carnivora,Felidae,
Charadriidae,Charadriidae,Aves,Charadriiformes,Charadriidae,
Charadrius pallidus,Charadrius_pallidus,Aves,Charadriiformes,Charadriidae,
chicken,chicken,Aves,Galliformes,Phasianidae,
chough,chough,Aves,Passeriformes,Corvidae,
Ciconiidae,Ciconiidae,Aves,Ciconiiformes,Ciconiidae,
Cinnamon Teal,Cinnamon_Teal,Aves,Anseriformes,Anatidae,
civet,civet,Mammalia,Carnivora,Viverridae,
cockatiel,cockatiel,Aves,Psittaciformes,Cacatuidae,
Columbidae,Columbidae,Aves,Columbiformes,Columbidae,
Common Eider (Somateria mollissima),Common_Eider,Aves,Anseriformes,Anatidae,Somateria mollissima
Common goldeneye (Bucephala clangula),Common_goldeneye,Aves,Anseriformes,Anatidae,Bucephala clangula
Common Grackle,Common_Grackle,Aves,Passeriformes,Icteridae,
Common kestrel,Common_kestrel,Aves,Falconiformes,Falconidae,Falco tinnunculus
Common moorhen,Common_moorhen,Aves,Gruiformes,Rallidae,Gallinula chloropus
Common pheasant (Phasianus colchicus),Common_pheasant,Aves,Galliformes,Phasianidae,Phasianus colchicus
Common pochard,Common_pochard,Aves,Anseriformes,Anatidae,Aythya ferina
Common ringed plover,Common_ringed_plover,Aves,Charadriiformes,Charadriidae,
Common shelduck (Tadorna tadorna),Common_shelduck,Aves,Anseriformes,Anatidae,Tadorna tadorna
Common Tern,Common_Tern,Aves,Charadriiformes,Laridae,Sterna hirundo
Common Wood-Pigeon:Columba palumbus(Columbidae),Common_Wood-Pigeon,Aves,Columbiformes,Columbidae,Columba palumbus
condur,Condor,Aves,Cathartiformes,Catharidae,
Cooper's hawk,Cooper's_hawk,Aves,Accipitriformes,Accipitridae,
coot,coot,Aves,Gruiformes,Rallidae,
cormorant,cormorant,Aves,Suliformes,Phalacrocoracidae,
corn crake,corn_crake,Aves,Gruiformes,Rallidae,
Corvidae,Corvidae,Aves,Passeriformes,Corvidae,
Corvus brachyrhynchos: (Corvidae) American crow,American_crow,Aves,Passeriformes,Corvidae,Corvus brachyrhynchos
Crane,Crane,Aves,Gruiformes,Gruidae,
Crow,Crow,Aves,Passeriformes,Corvidae,
Crowned cormorant (Microcarbo coronatus),Crowned_cormorant,Aves,Suliformes,Phalacrocoracidae,Microcarbo coronatus
Curlew,Curlew,Aves,Charadriiformes,Scolopacidae,
Dalmatian pelican,Dalmatian_pelican,Aves,Pelecaniformes,Pelecanidae,Pelecanus crispus
Dogs,Canine,Mammalia,Carnivora,Canidae,
donkey,donkey,Mammalia,Perissodactyla,Equidae,
duck,duck,Aves,Anseriformes,Anatidae,
eagle owl,eagle_owl,Aves,Strigiformes,Strigidae,
Eastern buzzard:Buteo japonicus(Accipitridae),Eastern_buzzard,Aves,Accipitriformes,Accipitridae,
Egret,Egret,Aves,Pelecaniformes,Ardeidae,
Egyptian Goose (Alopochen aegyptiacus),Egyptian_Goose,Aves,Anseriformes,Anatidae,
emu,emu,Aves,Casuariiformes,Casuariidae,Dromaius novaehollandiae
Environmental sample:Unspecified bird,Environmental_sample:Unspecified_bird,Aves,,,
Environmental sample:Unspecified env. sample,Environmental_sample:Unspecified_env._sample,Undetermined,,,
Environmental sample:Unspecified mammal,Environmental_sample:Unspecified_mammal,Mammalia,,,
Eurasian Blackbird (Turdus merula),Eurasian_Blackbird,Aves,Passeriformes,Turdidae,Turdus merula
Eurasian buzzard (common buzzard) (Buteo buteo),Eurasian_buzzard,Aves,Accipitriformes,Accipitridae,Buteo buteo
Eurasian Collared Dove (Streptopelia decaocto),Eurasian_Collared_Dove,Aves,Columbiformes,Columbidae,Streptopelia decaocto
Eurasian coot (Fulica atra),Eurasian_coot,Aves,Gruiformes,Rallidae,Fulica atra
Eurasian eagle-owl (Bubo bubo) ,Eurasian_eagle-owl,Aves,Strigiformes,Strigidae,Bubo bubo
Eurasian Sparrowhawk:Accipiter nisus(Accipitridae),Eurasian_Sparrowhawk,Aves,Accipitriformes,Accipitridae,Accipiter nisus
Eurasian Spoonbill (Platalea leucorodia),Eurasian_Spoonbill,Aves,Pelecaniformes,Threskiornithidae,Platalea leucorodia
Eurasian Tree Sparrow ,Eurasian_Tree_Sparrow,Aves,Passeriformes,Passeridae,
Eurasian wigeon (Anas penelope),Eurasian_wigeon,Aves,Anseriformes,Anatidae,Anas penelope
falcon,falcon,Aves,Falconiformes,Falconidae,
Ferruginous Duck (Aythya nyroca),Ferruginous_Duck,Aves,Anseriformes,Anatidae,Aythya nyroca
Fowl,Fowl,Aves,Galliformes,,
Fox,Fox,Mammalia,Carnivora,Canidae,
Garganey (Anas querquedula),Garganey,Aves,Anseriformes,Anatidae,Anas querquedula
Geese,Geese,Aves,Anseriformes,Anatidae,
Goats,Goat,Mammalia,Artiodactyla,Bovidae,
goosander,goosander,Aves,Anseriformes,Anatidae,
Goose,Goose,Aves,Anseriformes,Anatidae,
Goshawk,Goshawk,Aves,Accipitriformes,Accipitridae,
Gray Seal (Halichoerus grypus):Phocidae-Carnivora,Gray_Seal,Mammalia,Carnivora,Phocidae,Halichoerus grypus
Great Black-backed Gull (Larus marinus),Great_Black-backed_Gull,Aves,Charadriiformes,Laridae,Larus marinus
Great Black-headed Gull,Great_Black-headed_Gull,Aves,Charadriiformes,Laridae,Ichthyaetus ichthyaetus
Great Cormorant,Great_Cormorant,Aves,Suliformes,Phalacrocoracidae,Phalacrocorax carbo
great crested grebe,great_crested_grebe,Aves,Podicepiformes,Podicipedidae,Podiceps cristatus
Great egret,Great_egret,Aves,Pelecaniformes,Ardeidae,Ardea alba
Greater flamingo,Greater_flamingo,Aves,Phoenicopteriformes,Phoenicopteridae,Phoenicopterus roseus
Greater Rhea (Rhea americana),Greater_Rhea,Aves,Rheiformes,Rheidae,Rhea americana
Greater White-fronted Goose (Anser albifrons),Greater_White-fronted_Goose,Aves,Anseriformes,Anatidae,Anser albifrons
grebe,grebe,Aves,Podicepiformes,Podicipedidae,
Grey Crowned Crane,Grey_Crowned_Crane,Aves,Gruiformes,Gruidae,
Grey headed gull (Chroicocephalus cirrocephalus),Grey_headed_gull,Aves,Charadriiformes,Laridae,Chroicocephalus cirrocephalus
Grey heron,Grey_heron,Aves,Pelecaniformes,Ardeidae,Ardea cinerea
Greylag goose,Greylag_goose,Aves,Anseriformes,Anatidae,Anser anser
Gruidae,Gruidae,Aves,Gruiformes,Gruidae,
Guinea fowl,Guinea_fowl,Aves,Galliformes,Numididae,
Gull,Gull,Aves,Charadriiformes,Laridae,
Haematopodidae,Haematopodidae,Aves,Charadriiformes,Haematopodidae,
Haliaeetus pelagicus (Steller's sea eagle),Steller's_sea_eagle,Aves,Accipitriformes,Accipitridae,Haliaeetus pelagicus
Harbor Seal (Phoca vitulina):Phocidae-Carnivora,Harbor_Seal,Mammalia,Carnivora,Phocidae,Phoca vitulina
Hartlaub's gull (Chroicocephalus hartlaubii),Hartlaub's_gull,Aves,Charadriiformes,Laridae,Chroicocephalus hartlaubii
Hawk,Hawk,Aves,Accipitriformes,Accipitridae,
Helmeted guineafowl (Numida meleagris),Helmeted_guineafowl,Aves,Galliformes,Numididae,Numida meleagris
Heron,Heron,Aves,Pelecaniformes,Ardeidae,
Herring gull,Herring_gull,Aves,Charadriiformes,Laridae,Larus argentatus
Hooded crane,Hooded_crane,Aves,Gruiformes,Gruidae,Grus monacha
Hooded Crow (Corvus cornix),Hooded_Crow,Aves,Passeriformes,Corvidae,Corvus cornix
House Crow (Corvus splendens),House_Crow,Aves,Passeriformes,Corvidae,Corvus splendens
Indian Peafowl (Pavo cristatus),Indian_Peafowl,Aves,Galliformes,Phasianidae,Pavo cristatus
Jackal buzzard (Buteo rufofuscus),Jackal_buzzard,Aves,Accipitriformes,Accipitridae,Buteo rufofuscus
Jackass Penguin Spheniscus demersus,Jackass_Penguin,Aves,Sphenisciformes,Spheniscidae,Spheniscus demersus
Jackdaw,Jackdaw,Aves,Passeriformes,Corvidae,
Kentish plover,Kentish_plover,Aves,Charadriiformes,Charadriidae,
kite,kite,Aves,Accipitriformes,Accipitridae,
Large-billed Crow ,Large-billed_Crow,Aves,Passeriformes,Corvidae,Corvus macrorhynchos
Laridae,Laridae,Aves,Charadriiformes,Laridae,
Lesser black backed gull (Larus fuscus),Lesser_black_backed_gull,Aves,Charadriiformes,Laridae,Larus fuscus
Lesser Snow Goose,Lesser_Snow_Goose,Aves,Anseriformes,Anatidae,
Little grebe,Little_grebe,Aves,Podicepiformes,Podicipedidae,Tachybaptus ruficollis
Little Ringed Plover ,Little_Ringed_Plover,Aves,Charadriiformes,Charadriidae,
Little stint,Little_stint,Aves,Charadriiformes,Scolopacidae,
Magpie,Magpie,Aves,Passeriformes,Corvidae,
Mallard duck,Mallard_duck,Aves,Anseriformes,Anatidae,Anas platyrhynchos
Mandarin duck,Mandarin_duck,Aves,Anseriformes,Anatidae,Aix galericulata
Marsh Harrier ,Marsh_Harrier,Aves,Accipitriformes,Accipitridae,
Mediterranean Gull ,Mediterranean_Gull,Aves,Charadriiformes,Laridae,
Mew gull (Larus canus),Mew_gull,Aves,Charadriiformes,Laridae,Larus canus
Mink,Mink,Mammalia,Carnivora,Mustelidae,
Mountain Hawk-Eagle ,Mountain_Hawk-Eagle,Aves,Accipitriformes,Accipitridae,
Muscovy ducks,Muscovy_ducks,Aves,Anseriformes,Anatidae,
Mute swan,Mute_swan,Aves,Anseriformes,Anatidae,Cygnus olor
Northern pintail,Northern_pintail,Aves,Anseriformes,Anatidae,Anas acuta
Numididae,Guinea_fowl,Aves,Galliformes,Numididae,
Nyctereutes viverrinus (Japanese Racoon Dog),Japanese_Racoon_Dog,Mammalia,Carnivora,Canidae,Nyctereutes viverrinus
Oriental magpie robin,Oriental_magpie_robin,Aves,Passeriformes,Muscicapidae,
ostrich,ostrich,Aves,Struthioniformes,Struthionidae,
owl,owl,Aves,Strigiformes,,
Oyster catcher,Oystercatcher,Aves,Charadriiformes,Haematopodidae,
parrot,parrot,Aves,Psittaciformes,,
Partridge,Partridge,Aves,Galliformes,Phasianidae,
Passeridae,Passeridae,Aves,Passeriformes,Passeridae,
peacock,peacock,Aves,Galliformes,Phasianidae,
Pelecanidae,Pelecanidae,Aves,Pelecaniformes,Pelecanidae,
peregrine falcon,peregrine_falcon,Aves,Falconiformes,Falconidae,Falco peregrinus
Phasianidae,Phasianidae,Aves,Galliformes,Phasianidae,
pheasant,pheasant,Aves,Galliformes,Phasianidae,
Pied avocet,Pied_avocet,Aves,Charadriiformes,Recurvirostridae,
Pied crow (Corvus albus),Pied_crow,Aves,Passeriformes,Corvidae,Corvus albus
Pigeon,Pigeon,Aves,Columbiformes,Columbidae,
Pochard,Pochard,Aves,Anseriformes,Anatidae,
quail,quail,Aves,Galliformes,Phasianidae,Coturnix coturnix
Red breasted goose,Red_breasted_goose,Aves,Anseriformes,Anatidae,
Red-and-green macaw (Ara chloropterus),Red-and-green_macaw,Aves,Psittaciformes,Psittacidae,Ara chloropterus
Red-crowned crane (Grus japonensis),Red-crowned_crane,Aves,Gruiformes,Gruidae,Grus japonensis
Red-tailed hawk ,Red-tailed_hawk,Aves,Accipitriformes,Accipitridae,
Ring Necked Duck,Ring_Necked_Duck,Aves,Anseriformes,Anatidae,
Rock dove,Rock_dove,Aves,Columbiformes,Columbidae,
Rose Pelican (Pelecanus onocrotalus),Great_white_pelican,Aves,Pelecaniformes,Pelecanidae,Pelecanus onocrotalus
Ruff,Ruff,Aves,Charadriiformes,Scolopacidae,
Sanderling ,Sanderling,Aves,Charadriiformes,Scolopacidae,
Scolopacidae,Scolopacidae,Aves,Charadriiformes,Scolopacidae,
Secretary bird (Sagittarius serpentarius),Secretary_bird,Aves,Accipitriformes,Sagittariidae,Sagittarius serpentarius
Silver Teal (Anas versicolor),Silver_Teal,Aves,Anseriformes,Anatidae,Anas versicolor
Snowy Owl (Bubo scandiacus),Snowy_Owl,Aves,Strigiformes,Strigidae,Bubo scandiacus
sparrow,sparrow,Aves,Passeriformes,Passeridae,
Spot-billed Duck:Anas poecilorhyncha(Anatidae),Spot-billed_Duck,Aves,Anseriformes,Anatidae,Anas poecilorhyncha
Spotted dove,Spotted_dove,Aves,Columbiformes,Columbidae,
Spotted eagle-owl (Bubo africanus),Spotted_eagle-owl,Aves,Strigiformes,Strigidae,Bubo africanus
Starling,Starling,Aves,Passeriformes,Sturnidae,
stone marten,stone_marten,Mammalia,Carnivora,Mustelidae,
stork,stork,Aves,Ciconiiformes,Ciconiidae,
Strigidae,Strigidae,Aves,Strigiformes,Strigidae,
swallow,swallow,Aves,Passeriformes,Hirundinidae,
Swan,Swan,Aves,Anseriformes,Anatidae,
Swift tern (Thalasseus bergii),Swift_tern,Aves,Charadriiformes,Laridae,Thalasseus bergii
swine,swine,Mammalia,Artiodactyla,Suidae,
Teal,Teal,Aves,Anseriformes,Anatidae,
tern,tern,Aves,Charadriiformes,Laridae,
Thrush (Turdidae),Thrush,Aves,Passeriformes,Turdidae,
Tiger (Panthera tigris),Tiger,Mammalia,Carnivora,Felidae,Panthera tigris
turkey,turkey,Aves,Galliformes,Phasianidae,Meleagris gallopavo
umbrella cockatoo,umbrella_cockatoo,Aves,Psittaciformes,Cacatuidae,
Undetermined,Undetermined,Undetermined,Undetermined,,
Unspecified bird,Unspecified_bird,Aves,Undetermined,,
Unspecified env. sample,Unspecified_env._sample,Undetermined,Undetermined,,
unspecified mammal,unspecified_mammal,Mammalia,Undetermined,,
vulture,vulture,Aves,Accipitriformes,,
Wader,Wader,Aves,Charadriiformes,,
Water hen,Water_hen,Aves,Gruiformes,Rallidae,
White tailed eagle (Haliaeetus albicilla),White_tailed_eagle,Aves,Accipitriformes,Accipitridae,Haliaeetus albicilla
White-winged black tern (Chlidonias leucopterus),White-winged_black_tern,Aves,Charadriiformes,Laridae,Chlidonias leucopterus
wigeon,wigeon,Aves,Anseriformes,Anatidae,Mareca penelope
Wild turkey (Meleagris gallopavo),Wild_turkey,Aves,Galliformes,Phasianidae,Meleagris gallopavo
Wood Duck,Wood_Duck,Aves,Anseriformes,Anatidae,Aix sponsa
Wood sandpiper,Wood_sandpiper,Aves,Charadriiformes,Scolopacidae,
Yellow-billed duck (Anas undulata),Yellow-billed_duck,Aves,Anseriformes,Anatidae,Anas undulata
Shy albatross,Shy_albatross,Aves,Procellariformes,Diomedeidae,
,Oriental magpie-robin,Aves,Passeriformes,Muscicapidae,Copsychus_saularis
,European_bee-eater,Aves,Coraciiformes,Meropidae,Merops apiaster
,Common moorhen,Aves,Gruiformes,Rallidae,Gallinula_chloropus
,Eurasian jay,Aves,Passeriformes,Corvidae,Garrulus_glandarius
,great_tit,Aves,Passeriformes,Paridae,Parus major
,harrier,Aves,Accipitriformes,Accipitridae,
,Hoabara bustard,Aves,Otidiformes,Otididae,Chlamydotis undulata
,Japanese_white-eye,Aves,Passeriformes,Zosteropidae,
,Great knot,Aves,Charadriiformes,Scolopacidae,
,knot_wader,Aves,Charadriiformes,Scolopacidae,
,European herring gull,Aves,Charadriiformes,Laridae,Larus_argentatus
,black-headed gull,Aves,Charadriiformes,Laridae,Larus_ridibundus
,Siberian blue robin,Aves,Passeriformes,Muscicapidae,Luscinia_cyane
,Smew,Aves,Anseriformes,Anatidae,Mergus_albellus
,Eurasian curlew,Aves,Charadriiformes,Scolopacidae,Numenius_arquata
,Dalmatian_pelican,Aves,Pelecaniformes,Pelecanidae,pelecanus_crispus
,Common pheasant,Aves,Galliformes,Phasianidae,Phasianus_colchicus
,Eurasian magpie,Aves,Passeriformes,Corvidae,Pica_pica
,Great crested grebe,Aves,Podicepiformes,Podicipedidae,Podiceps_cristatus
,smew,Aves,Anseriformes,Anatidae,
,smew,Aves,Anseriformes,Anatidae,
,Stone_curlew,Aves,Charadriiformes,Burhinidae,
,Eurasian collared dove,Aves,Columbiformes,Columbidae,Streptopelia_decaocto
,Eurasian collared dove,Aves,Columbiformes,Columbidae,Streptopelia_decaocto
,Eurasian collared dove,Aves,Columbiformes,Columbidae,Streptopelia_decaocto
,Eurasian collared dove,Aves,Columbiformes,Columbidae,Streptopelia_decaocto
,Swiftlet,Aves,Apodiformes,Apodidae,
,Pallas's sandgrouse,Aves,Pterocliformes,Pteroclidae,Syrrhaptes_paradoxus
,Sandwich_Tern,Aves,Charadriiformes,Laridae,Thalasseus_sandvicensis
,Towny_owel,Aves,Strigiformes,Strigidae,
,Von_Schrenck_s_bittern,Aves,Pelecaniformes,Ardeidae,
,western_jackdaw,Aves,Passeriformes,Corvidae,
,western_jackdaw,Aves,Passeriformes,Corvidae,
,western_jackdaw,Aves,Passeriformes,Corvidae,
,White_peacock,Aves,Galliformes,Phasianidae,
